Pollutant,RMSE,MAE
Max_Temperature,2.9516342852403357,2.2729106207467966
Min_Temperature,2.5605714513555644,2.0222515033238073
Average_Temperature,2.509490318037842,1.9526330140368053
